,training_data,test_data
Mean Absolute Error,2336.005500983189,2780.3705361786047
Mean Squared Error,17390134.488689426,25067129.097793404
Root Mean Squared Error,4170.148017599547,5006.708409503533
R2_score,0.8821357738928925,0.8261748471797942
Explained_variance_score,0.8821357738928925,0.8264198773642755
