,training data,test data
Mean Absolute Error,2336.005500983189,2780.3705361786047
Mean Squared Error,17390134.48868943,25067129.097793408
Root Mean Squared Error,4170.148017599547,5006.708409503534
R2_score,0.8821357738928925,0.8261748471797941
Explained_variance_score,0.8821357738928925,0.8264198773642755
