,training data,test data
Mean Absolute Error,2374.8450151627117,2735.797630336436
Mean Squared Error,18086753.528430823,21066283.910976883
Root Mean Squared Error,4252.852399088267,4589.8021646882435
R2_score,0.8778893633371293,0.8525389020183658
Explained_variance_score,0.8778893633371293,0.8538597118236994
